'Travel Services', Travel
'Kitchen Incubators', Home
'Medical Transportation', Health
'Private Jet Charter', Travel
'Specialty Food', Food
'Lebanese', Food
'Junk Removal & Hauling', Miscellaneous
'LAN Centers', Computers
'Skiing', Sport
'Civic Center', Miscellaneous
'Roofing', Construction
'Courthouses', Legal
'Hungarian', Food
'Heating & Air Conditioning/HVAC', Construction 
'Home Network Installation', Computers
'Public Services & Government', Miscellaneous
'Printing Services', Business Support
'Wigs', Personal Care
'Personal Chefs', Food
'Christmas Trees', Home
'Visitor Centers', Miscellaneous
'Internet Service Providers', Computers
'Halotherapy', Personal Care
'Planetarium', Entertainment
'Interval Training Gyms', Sport
'Hospitals', Health
'High Fidelity Audio Equipment', Computers
'Montessori Schools', Education
'Veterinarians', Health
'Ski & Snowboard Shops', Merchants
'Soul Food', Food
'Australian', Food
'Herbal Shops', Personal Care
'Milkshake Bars', Food
'Ticket Sales', Entertainment
'Rugs', Home
'Utilities', Merchants
'Real Estate Photography', Real Estate
'Food Trucks', Food
'Maternity Wear', Merchants
'Caribbean', Food
'Emergency Medicine', Health
'Hot Air Balloons', Travel
'Vocal Coach', Education
'Popcorn Shops', Food
'Farming Equipment', Merchant
'Squash', Sport
'Mortuary Services', Miscellaneous
'Fireworks', Entertainment 
'Movers', Travel
'Flight Instruction', Education
'Conveyor Belt Sushi', Food
'Fish & Chips', Food
'Framing', Home
'Syrian', Food
'Holiday Decorating Services', Home
'Investing', Legal
'Weight Loss Centers', Personal Care
'Sports Psychologists', Health
'Rest Stops', Personal Care
'IP & Internet Law', Legal
'Pain Management', Personal Care
'Turkish', Food
'Event Photography', Business Support
'Juice Bars & Smoothies', Food
'Community Service/Non-Profit', Miscellaneous
'Indian', Food
'Child Care & Day Care', Education
'Gelato', Food
'Active Life', Personal Care
'Czech/Slovakian', Food
'Surf Shop', Merchants
'Real Estate', Real Estate
'Skate Parks', Sport
'Architectural Tours', Entertainment
'Grilling Equipment', Home
'Eritrean', Food
'Pool Cleaners', Construction
'Barbers', Personal Care
'Cabaret', Entertainment
'Dog Parks', Miscellaneous
'Automotive', Automotive
'Dialysis Clinics', Health
'Handyman', Construction
'Translation Services', Education
'Masonry/Concrete', Construction
'Hot Dogs', Food
'Beach Bars', Food
'Motorcycle Parts & Supplies', Automotive
'Diamond Buyers', Merchants
'Gutter Services', Consruction
'Psychics', Personal Care
'Spin Classes', Education
'Beach Equipment Rentals', Merchants
'Seafood Markets', Merchants
'Nicaraguan', Food
'Aquariums', Entertainement
'Wraps', Business Support
'Ethnic Food', Food
'Art Tours', Entertainments
'Colleges & Universities', Education
'Baby Gear & Furniture', Merchants
'Environmental Testing', Construction
'Live/Raw Food', Food
'Balloon Services', Construction
'Champagne Bars', Food
'Misting System Services', Construction
'Studio Taping', Entertainment
'Pick Your Own Farms', Merchants
'Departments of Motor Vehicles', Automotive
'Art Installation', Entertainment
'Chimney Sweeps', Home
'Hydro-jetting', Construction
'Egyptian', Food
'Spine Surgeons', Health
'Photography Stores & Services', Business Support
'Speech Therapists', Health
'Music & Video', Entertainment
'Gerontologists', Health
'Rock Climbing', Sport
'Erotic Massage', Personal Care
'Cinema', Entertainment
'3D Printing', Business Support
'Surf Schools', Education
'Ayurveda', Personal Care
'Periodontists', Health
'Gardeners', Home
'Car Dealers', Automotive
'Golf Equipment', Merchants
'Boat Dealers', Automotive
'CPR Classes', Education
'Water Suppliers', Construction
'Landscaping', Home
'Aerial Tours', Entertainment
'Horseback Riding', Sport
'Private Investigation', Legal
'Swimming Lessons/Schools', Education
'Fire Departments', Miscellaneous
'Reproductive Health Services', Health
'Business Financing', Legal
'Beverage Store', Food
'Signature Cuisine', Food
'International', Food
'Funeral Services & Cemeteries', Miscellaneous
'Supper Clubs', Food
'Psychologists', Health
'Catalan', Food
'Hearing Aid Providers', Health
'Carpet Installation', Home
'Feng Shui', Sport
'Comfort Food', Food
'Jewelry Repair', Merchants
'Radiologists', Health
'Makeup Artists', Personal Care
'Homeowner Association', Miscellaneous
'Japanese Sweets', Food
'Countertop Installation', Construction
'Cannabis Dispensaries', Merchants
'Grocery', Food
'Fuel Docks', Automotive
'Pub Food', Food
'Cosmetic Surgeons', Health
'Pilates', Personal Care
'Speech Training', Education
'Education', Education
'Imported Food', Food
'Immigration Law', Legal
'Anesthesiologists', Health
'Carpet Dyeing', Home
'Party Supplies', Merchants
'Pediatricians', Health
'Office Cleaning', Business Support
'Resorts', Travel
'Packing Supplies', Business Support
'Bar Crawl', Food
'Sledding', Sport
'Street Vendors', Merchants
'Korean', Food
'Department Stores', Merchants
'Notaries', Legal
'Salad', Food
'Clock Repair', Home
'Pita', Food
'Memory Care', Personal Care
'Signmaking', Business Support
'Snorkeling', Sport
'Fences & Gates', Construction
'Vape Shops', Merchants
'Toy Stores', Merchants
'Health & Medical', Health
'Estate Liquidation', Legal
'Dentists', Health
'Registration Services', Legal
'Halfway Houses', Real Estate
'Asian Fusion', Food
'Farmers Market', Merchants
'Marinas', Travel
'Hair Salons', Personal Care
'Market Stalls', Merchants
'Pet Sitting', Personal Care
'Window Washing', Home
'Grout Services', Construction
'Passport & Visa Services', Legal
'Recreation Centers', Education
'CSA', Miscellaneous
'Club Crawl', Entertainment
'Honey', Food
'Public Relations', Legal
'Latin American', Food
'Game Truck Rental', Travel
'Vocational & Technical School', Education
'Donation Center', Health
'Fireplace Services', Home
'Knitting Supplies', Merchants
'Home Organization', Home
'Hunting & Fishing Supplies', Merchants
'Laser Tag', Entertainment
'Auto Detailing', Automotive
'Aerial Fitness', Sport
'Office Equipment', Business Support
'Casinos', Entertainment
'Hot Tub & Pool', Home
'Indoor Playcentre', Education
'Beaches', Travel
'Hobby Shops', Merchant
'Massage', Personal Care
'Sport Equipment Hire', Sport
'Tapas Bars', Food
'Sports Bars', Sport
'Windshield Installation & Repair', Automotive
'Singaporean', Food
'Cremation Services', Miscellaneous
'Wine Tasting Room', Food
'Videographers', Entertainment
'Go Karts', Entertainment
'Indoor Landscaping', Home
'Tanning Beds', Personal Care
'Bookbinding', Miscellaneous
'Vintage & Consignment', Merchants
'Drywall Installation & Repair', Construction
'Used', Merchants
'Security Systems', Home
'Car Rental', Automotive
'Professional Services', Miscellaneous
'Brazilian Jiu-jitsu', Sport
'Dumplings', Food
'Naturopathic/Holistic', Personal Care
'Race Tracks', Entertainment
'Ultrasound Imaging Centers', Health
'Comic Books', Merchants
'Persian/Iranian', Food
'Mailbox Centers', Miscellaneous
'Argentine', Food
'Boot Camps', Personal Care
'Carpenters', Construction
'Ophthalmologists', Health
'Life Insurance', Legal
'Engraving', Miscellaneous
'Concept Shops', Entertainment
'Fabric Stores', Merchants
'RV Repair', Home
'Metro Stations', Travel
'Wedding Planning', Entertainment
'Patisserie/Cake Shop', Food
'Lice Services', Home
'Registry Office', Legal
'Iberian', Food
'Sheds & Outdoor Storage', Home
'Cheerleading', Sport
'Mauritius', Food
'Natural Gas Suppliers', Miscellaneous
'Modern European', Mischellaneous
'Moroccan', Food
'Macarons', Food
'Biohazard Cleanup', Construction
'Private Schools', Education
'Videos & Video Game Rental', Entertainment
'Tutoring Centers', Education
'Cocktail Bars', Food
'Urologists', Health
'Architects', Construction
'French', Food
'Newspapers & Magazines', Entertainment
'Kombucha', Food
'Gymnastics', Sport
'Sports Betting', Entertainment
'Patio Coverings', Home
'Backshop', Real Estate
'Desserts', Food
'Carousels', Entertainment
'Music Production Services', Entertainment
'Cosmetology Schools', Education
'Tanning', Personal Care
'Lawyers', Legal
'Machine & Tool Rental', Construction
'Prenatal/Perinatal Care', Health
'Acai Bowls', Food
'Elder Care Planning', Health
'Skin Care', Personal Care
'Bike Shop', Travel
'Customized Merchandise', Merchants
'Waxing', Personal Care
'Russian', Food
'Cupcakes', Food
'Furniture Repair', Home
'Senior Centers', Health
'Traditional Clothing', Merchants
'Trains', Travel
'Video/Film Production', Entertainment
'Osteopaths', Health
'Lawn Services', Home
'Food', Food
'Retina Specialists', Health
'Vietnamese', Food
'Arts & Entertainment', Entertainment
'Advertising', Business Support
'Sugaring', Personal Care
'Ceremonial Clothing', Merchants
'Salvadoran', Food
'Beauty & Spas', Personal Care
'Aviation Services', Travel
'Golf Cart Rentals', Automotive
'Special Education', Education
'Jewelry', Merchants
'Parks', Entertainment
'Trusts', Legal
'Lingerie', Merchants
'Hookah Bars', Entertainment
'Colombian', Food
'Flooring', Home
'Threading Services', Merchants
'Home Services', Home
'Tonkatsu', Food
'Bounce House Rentals', Entertainment
'South African', Food
'Body Contouring', Personal Care
'Talent Agencies', Entertainment
'Dance Clubs', Entertainment
'Bubble Tea', Food
'Tuscan', Food
'Boat Repair', Automotive
'Gun/Rifle Ranges', Entertainment
'Occupational Therapy', Personal Care
'Motorcycle Rental', Automotive
'Pets', Personal Care
'Plus Size Fashion', Merchants
'Rotisserie Chicken', Food
'Tattoo Removal', Personal Care
'Arts & Crafts', Merchants
'Belgian', Food
'Bookkeepers', Entertainment
'Home Inspectors', Legal
'Session Photography', Entertainemnt
'Behavior Analysts', Legal
'Henna Artists', Personal Care
'Financial Advising', Legal
'Hot Pot', Food
'Home Decor', Home
'Eyewear & Opticians', Health
'Prosthodontists', Health
'Auto Glass Services', Automotive
'Parenting Classes', Education
'Gift Shops', Merchants
'Bike Repair', Travel
'Mags', Entertainment
'Trailer Rental', Legal
'Tires', Automotive
'Meat Shops', Food
'Food Stands', Food
'Hybrid Car Repair', Automotive
'Uniforms', Merchants
'Oncologist', Health
'Challenge Courses', Entertainment
'Train Stations', Travel
'Pan Asian', Health
'Teppanyaki', Health
'Donairs', Food
'Buses', Travel
'Body Shops', Personal Care
'Home Theatre Installation', Entertainment
'Generator Installation/Repair', Construction
'Permanent Makeup', Personal Care
'Gay Bars', Entertainment
'Junkyards', Miscellaneous
'Religious Items', Merchants
'Guamanian', Food
"Men's Clothing", Merchants
'Hang Gliding', Entertainment
'Sporting Goods', Sport
'Cannabis Tours', Entertainment
'Outdoor Furniture Stores', Home
'Yoga', Sport
'Skating Rinks', Sport
'Endocrinologists', Health
'Cheesesteaks', Food
'Home Staging', Home
'Himalayan/Nepalese', Food
'Oral Surgeons', Health
'Hiking', Sport
'Holistic Animal Care', Personal Care
'Childbirth Education', Education
'Sewing & Alterations', Merchants
'Hotel bar', Travel
'Water Parks', Entertainment
'Diners', Food
'Professional Sports Teams', Sport
'Neurotologists', Health
'Customs Brokers', Legal
'Bubble Soccer', Sport
'Caterers', Personal Care
'Laser Eye Surgery/Lasik', Health
'Traffic Ticketing Law', Legal
'Commissioned Artists', Entertainment
'Organic Stores', Merchants
'Dry Cleaning & Laundry', Merchants
'Pet Adoption', Personal Care
'Vinyl Records', Entertainment
'Fertility', Health
'Flowers & Gifts', Merchants
'Szechuan', Food
'Cryotherapy', Personal Care
'Breakfast & Brunch', Food
'Religious Schools', Education
'Kosher', Food
'Ranches', Entertainment
'Ethical Grocery', Food
'Flea Markets', Merchants
'Massage Schools', Education
'Legal Services', Legal
'Trophy Shops', Merchants
'Pawn Shops', Merchants
'Sugar Shacks', Food
'Tree Services', Construction
'University Housing', Real Estate
'Coffee & Tea Supplies', Food
'Auto Repair', Automotive
'Pet Stores', Personal Care
'Food Banks', Food
'Barre Classes', Sport
'Free Diving', Sport
'Safe Stores', Home
'Spiritual Shop', Food
"Men's Hair Salons", Personal Care
'Municipality', Miscellaneous
'Beer Garden', Food