name,category
Travel Services,Travel
Kitchen Incubators,Home
Medical Transportation,Health
Private Jet Charter,Travel
Specialty Food,Food
Lebanese,Food
Junk Removal & Hauling,Miscellaneous
LAN Centers,Computers
Skiing,Sport
Civic Center,Miscellaneous
Roofing,Construction
Courthouses,Legal
Hungarian,Food
Heating & Air Conditioning/HVAC,Construction
Home Network Installation,Computers
Public Services & Government,Miscellaneous
Printing Services,BusinessSupport
Wigs,PersonalCare
Personal Chefs,Food
Christmas Trees,Home
Visitor Centers,Miscellaneous
Internet Service Providers,Computers
Halotherapy,PersonalCare
Planetarium,Entertainment
Interval Training Gyms,Sport
Hospitals,Health
High Fidelity Audio Equipment,Computers
Montessori Schools,Education
Veterinarians,Health
Ski & Snowboard Shops,Merchant
Soul Food,Food
Australian,Food
Herbal Shops,PersonalCare
Milkshake Bars,Food
Ticket Sales,Entertainment
Rugs,Home
Utilities,Merchant
Real Estate Photography,RealEstate
Food Trucks,Food
Maternity Wear,Merchant
Caribbean,Food
Emergency Medicine,Health
Hot Air Balloons,Travel
Vocal Coach,Education
Popcorn Shops,Food
Farming Equipment,Merchant
Squash,Sport
Mortuary Services,Miscellaneous
Fireworks,Entertainment
Movers,Travel
Flight Instruction,Education
Conveyor Belt Sushi,Food
Fish & Chips,Food
Framing,Home
Syrian,Food
Holiday Decorating Services,Home
Investing,Legal
Weight Loss Centers,PersonalCare
Sports Psychologists,Health
Rest Stops,PersonalCare
IP & Internet Law,Legal
Pain Management,PersonalCare
Turkish,Food
Event Photography,BusinessSupport
Juice Bars & Smoothies,Food
Community Service/Non-Profit,Miscellaneous
Indian,Food
Child Care & Day Care,Education
Gelato,Food
Active Life,PersonalCare
Czech/Slovakian,Food
Surf Shop,Merchant
Real Estate,RealEstate
Skate Parks,Sport
Architectural Tours,Entertainment
Grilling Equipment,Home
Eritrean,Food
Pool Cleaners,Construction
Barbers,PersonalCare
Cabaret,Entertainment
Dog Parks,Miscellaneous
Automotive,Automotive
Dialysis Clinics,Health
Handyman,Construction
Translation Services,Education
Masonry/Concrete,Construction
Hot Dogs,Food
Beach Bars,Food
Motorcycle Parts & Supplies,Automotive
Diamond Buyers,Merchant
Gutter Services,Construction
Psychics,PersonalCare
Spin Classes,Education
Beach Equipment Rentals,Merchant
Seafood Markets,Merchant
Nicaraguan,Food
Aquariums,Entertainment
Wraps,BusinessSupport
Ethnic Food,Food
Art Tours,Entertainment
Colleges & Universities,Education
Baby Gear & Furniture,Merchant
Environmental Testing,Construction
Live/Raw Food,Food
Balloon Services,Construction
Champagne Bars,Food
Misting System Services,Construction
Studio Taping,Entertainment
Pick Your Own Farms,Merchant
Departments of Motor Vehicles,Automotive
Art Installation,Entertainment
Chimney Sweeps,Home
Hydro-jetting,Construction
Egyptian,Food
Spine Surgeons,Health
Photography Stores & Services,BusinessSupport
Speech Therapists,Health
Music & Video,Entertainment
Gerontologists,Health
Rock Climbing,Sport
Erotic Massage,PersonalCare
Cinema,Entertainment
3D Printing,BusinessSupport
Surf Schools,Education
Ayurveda,PersonalCare
Periodontists,Health
Gardeners,Home
Car Dealers,Automotive
Golf Equipment,Merchant
Boat Dealers,Automotive
CPR Classes,Education
Water Suppliers,Construction
Landscaping,Home
Aerial Tours,Entertainment
Horseback Riding,Sport
Private Investigation,Legal
Swimming Lessons/Schools,Education
Fire Departments,Miscellaneous
Reproductive Health Services,Health
Business Financing,Legal
Beverage Store,Food
Signature Cuisine,Food
International,Food
Funeral Services & Cemeteries,Miscellaneous
Supper Clubs,Food
Psychologists,Health
Catalan,Food
Hearing Aid Providers,Health
Carpet Installation,Home
Feng Shui,Sport
Comfort Food,Food
Jewelry Repair,Merchant
Radiologists,Health
Makeup Artists,PersonalCare
Homeowner Association,Miscellaneous
Japanese Sweets,Food
Countertop Installation,Construction
Cannabis Dispensaries,Merchant
Grocery,Food
Fuel Docks,Automotive
Pub Food,Food
Cosmetic Surgeons,Health
Pilates,PersonalCare
Speech Training,Education
Education,Education
Imported Food,Food
Immigration Law,Legal
Anesthesiologists,Health
Carpet Dyeing,Home
Party Supplies,Merchant
Pediatricians,Health
Office Cleaning,BusinessSupport
Resorts,Travel
Packing Supplies,BusinessSupport
Bar Crawl,Food
Sledding,Sport
Street Vendors,Merchant
Korean,Food
Department Stores,Merchant
Notaries,Legal
Salad,Food
Clock Repair,Home
Pita,Food
Memory Care,PersonalCare
Signmaking,BusinessSupport
Snorkeling,Sport
Fences & Gates,Construction
Vape Shops,Merchant
Toy Stores,Merchant
Health & Medical,Health
Estate Liquidation,Legal
Dentists,Health
Registration Services,Legal
Halfway Houses,RealEstate
Asian Fusion,Food
Farmers Market,Merchant
Marinas,Travel
Hair Salons,PersonalCare
Market Stalls,Merchant
Pet Sitting,PersonalCare
Window Washing,Home
Grout Services,Construction
Passport & Visa Services,Legal
Recreation Centers,Education
CSA,Miscellaneous
Club Crawl,Entertainment
Honey,Food
Public Relations,Legal
Latin American,Food
Game Truck Rental,Travel
Vocational & Technical School,Education
Donation Center,Health
Fireplace Services,Home
Knitting Supplies,Merchant
Home Organization,Home
Hunting & Fishing Supplies,Merchant
Laser Tag,Entertainment
Auto Detailing,Automotive
Aerial Fitness,Sport
Office Equipment,BusinessSupport
Casinos,Entertainment
Hot Tub & Pool,Home
Indoor Playcentre,Education
Beaches,Travel
Hobby Shops,Merchant
Massage,PersonalCare
Sport Equipment Hire,Sport
Tapas Bars,Food
Sports Bars,Sport
Windshield Installation & Repair,Automotive
Singaporean,Food
Cremation Services,Miscellaneous
Wine Tasting Room,Food
Videographers,Entertainment
Go Karts,Entertainment
Indoor Landscaping,Home
Tanning Beds,PersonalCare
Bookbinding,Miscellaneous
Vintage & Consignment,Merchant
Drywall Installation & Repair,Construction
Used,Merchant
Security Systems,Home
Car Rental,Automotive
Professional Services,Miscellaneous
Brazilian Jiu-jitsu,Sport
Dumplings,Food
Naturopathic/Holistic,PersonalCare
Race Tracks,Entertainment
Ultrasound Imaging Centers,Health
Comic Books,Merchant
Persian/Iranian,Food
Mailbox Centers,Miscellaneous
Argentine,Food
Boot Camps,PersonalCare
Carpenters,Construction
Ophthalmologists,Health
Life Insurance,Legal
Engraving,Miscellaneous
Concept Shops,Entertainment
Fabric Stores,Merchant
RV Repair,Home
Metro Stations,Travel
Wedding Planning,Entertainment
Patisserie/Cake Shop,Food
Lice Services,Home
Registry Office,Legal
Iberian,Food
Sheds & Outdoor Storage,Home
Cheerleading,Sport
Mauritius,Food
Natural Gas Suppliers,Miscellaneous
Modern European,Miscellaneous
Moroccan,Food
Macarons,Food
Biohazard Cleanup,Construction
Private Schools,Education
Videos & Video Game Rental,Entertainment
Tutoring Centers,Education
Cocktail Bars,Food
Urologists,Health
Architects,Construction
French,Food
Newspapers & Magazines,Entertainment
Kombucha,Food
Gymnastics,Sport
Sports Betting,Entertainment
Patio Coverings,Home
Backshop,RealEstate
Desserts,Food
Carousels,Entertainment
Music Production Services,Entertainment
Cosmetology Schools,Education
Tanning,PersonalCare
Lawyers,Legal
Machine & Tool Rental,Construction
Prenatal/Perinatal Care,Health
Acai Bowls,Food
Elder Care Planning,Health
Skin Care,PersonalCare
Bike Shop,Travel
Customized Merchandise,Merchant
Waxing,PersonalCare
Russian,Food
Cupcakes,Food
Furniture Repair,Home
Senior Centers,Health
Traditional Clothing,Merchant
Trains,Travel
Video/Film Production,Entertainment
Osteopaths,Health
Lawn Services,Home
Food,Food
Retina Specialists,Health
Vietnamese,Food
Arts & Entertainment,Entertainment
Advertising,BusinessSupport
Sugaring,PersonalCare
Ceremonial Clothing,Merchant
Salvadoran,Food
Beauty & Spas,PersonalCare
Aviation Services,Travel
Golf Cart Rentals,Automotive
Special Education,Education
Jewelry,Merchant
Parks,Entertainment
Trusts,Legal
Lingerie,Merchant
Hookah Bars,Entertainment
Colombian,Food
Flooring,Home
Threading Services,Merchant
Home Services,Home
Tonkatsu,Food
Bounce House Rentals,Entertainment
South African,Food
Body Contouring,PersonalCare
Talent Agencies,Entertainment
Dance Clubs,Entertainment
Bubble Tea,Food
Tuscan,Food
Boat Repair,Automotive
Gun/Rifle Ranges,Entertainment
Occupational Therapy,PersonalCare
Motorcycle Rental,Automotive
Pets,PersonalCare
Plus Size Fashion,Merchant
Rotisserie Chicken,Food
Tattoo Removal,PersonalCare
Arts & Crafts,Merchant
Belgian,Food
Bookkeepers,Entertainment
Home Inspectors,Legal
Session Photography,Entertainment
Behavior Analysts,Legal
Henna Artists,PersonalCare
Financial Advising,Legal
Hot Pot,Food
Home Decor,Home
Eyewear & Opticians,Health
Prosthodontists,Health
Auto Glass Services,Automotive
Parenting Classes,Education
Gift Shops,Merchant
Bike Repair,Travel
Mags,Entertainment
Trailer Rental,Legal
Tires,Automotive
Meat Shops,Food
Food Stands,Food
Hybrid Car Repair,Automotive
Uniforms,Merchant
Oncologist,Health
Challenge Courses,Entertainment
Train Stations,Travel
Pan Asian,Health
Teppanyaki,Health
Donairs,Food
Buses,Travel
Body Shops,PersonalCare
Home Theatre Installation,Entertainment
Generator Installation/Repair,Construction
Permanent Makeup,PersonalCare
Gay Bars,Entertainment
Junkyards,Miscellaneous
Religious Items,Merchant
Guamanian,Food
Mens Clothing,Merchant
Hang Gliding,Entertainment
Sporting Goods,Sport
Cannabis Tours,Entertainment
Outdoor Furniture Stores,Home
Yoga,Sport
Skating Rinks,Sport
Endocrinologists,Health
Cheesesteaks,Food
Home Staging,Home
Himalayan/Nepalese,Food
Oral Surgeons,Health
Hiking,Sport
Holistic Animal Care,PersonalCare
Childbirth Education,Education
Sewing & Alterations,Merchant
Hotel bar,Travel
Water Parks,Entertainment
Diners,Food
Professional Sports Teams,Sport
Neurotologists,Health
Customs Brokers,Legal
Bubble Soccer,Sport
Caterers,PersonalCare
Laser Eye Surgery/Lasik,Health
Traffic Ticketing Law,Legal
Commissioned Artists,Entertainment
Organic Stores,Merchant
Dry Cleaning & Laundry,Merchant
Pet Adoption,PersonalCare
Vinyl Records,Entertainment
Fertility,Health
Flowers & Gifts,Merchant
Szechuan,Food
Cryotherapy,PersonalCare
Breakfast & Brunch,Food
Religious Schools,Education
Kosher,Food
Ranches,Entertainment
Ethical Grocery,Food
Flea Markets,Merchant
Massage Schools,Education
Legal Services,Legal
Trophy Shops,Merchant
Pawn Shops,Merchant
Sugar Shacks,Food
Tree Services,Construction
University Housing,RealEstate
Coffee & Tea Supplies,Food
Auto Repair,Automotive
Pet Stores,PersonalCare
Food Banks,Food
Barre Classes,Sport
Free Diving,Sport
Safe Stores,Home
Spiritual Shop,Food
Mens Hair Salons,PersonalCare
Municipality,Miscellaneous
Beer Garden,Food
Bocce Ball,Home
Scooter Tours,Travel
Electronics,Computers
Town Hall,Miscellaneous
Television Stations,Entertainment
Pop-Up Restaurants,Food
Eyebrow Services,PersonalCare
Basque,Food
Races & Competitions,Home
Pet Groomers,PersonalCare
Bangladeshi,Food
Observatories,Construction
Meaderies,Construction
Mass Media,Entertainment
Horse Boarding,Entertainment
Surfing,Sport
Roadside Assistance,Construction
Infectious Disease Specialists,Health
Wineries,Food
Udon,Food
Electricians,Computers
Commercial Truck Repair,Automotive
Izakaya,Food
Pet Boarding,PersonalCare
Criminal Defense Law,Legal
Post Offices,RealEstate
Adult Entertainment,Entertainment
Outlet Stores,Merchant
Kickboxing,Sport
Cafeteria,Food
Security Services,BusinessSupport
Herbs & Spices,Food
Powder Coating,PersonalCare
Linens,Home
Piano Bars,Food
Furniture Stores,Merchant
Waterproofing,Home
Mattresses,Home
Floral Designers,Home
Local Services,PersonalCare
Pole Dancing Classes,Entertainment
Food Tours,Food
Apartments,RealEstate
Art Restoration,BusinessSupport
Buffets,Food
Public Transportation,Travel
Gemstones & Minerals,Food
Keys & Locksmiths,Home
Boating,Sport
Street Art,Education
Furniture Assembly,Merchant
Medical Spas,PersonalCare
Pet Photography,PersonalCare
Irish Pub,Food
American (New),Food
Musicians,Home
Employment Law,Legal
Axe Throwing,Sport
Formal Wear,Merchant
Gunsmith,Merchant
Apartment Agents,RealEstate
Chimney Cakes,Food
Lighting Fixtures & Equipment,Home
Japanese Curry,Food
Damage Restoration,Automotive
Local Flavor,Food
Kids Hair Salons,PersonalCare
Props,BusinessSupport
Bridal,Miscellaneous
Embroidery & Crochet,Home
Dermatologists,Health
Dental Hygienists,Health
Cannabis Collective,Merchant
Allergists,Health
& Probates,Legal
Perfume,Merchant
Striptease Dancers,Miscellaneous
Reunion,BusinessSupport
Tours,Travel
Shopping,Merchant
Bakeries,Food
Marketing,Merchant
Traffic Schools,Education
Food Safety Training,Education
Pasta Shops,Food
Bird Shops,Merchant
Nail Technicians,PersonalCare
Electronics Repair,Automotive
Used Car Dealers,Merchant
Olive Oil,Food
Diagnostic Imaging,Health
Art Space Rentals,RealEstate
Music Venues,Entertainment
Siding,Construction
Chinese,Food
Air Duct Cleaning,Home
Home Automation,Automotive
Wholesalers,Merchant
Endodontists,Miscellaneous
Churros,Food
Guns & Ammo,Merchant
New Mexican Cuisine,Food
Driving Schools,Education
Makerspaces,RealEstate
Pulmonologist,Health
Restaurant Supplies,Food
Brazilian,Food
Appraisal Services,BusinessSupport
Japanese,Food
Adult Education,Education
Title Loans,Legal
Art Consultants,Miscellaneous
Preventive Medicine,Health
Butcher,Miscellaneous
Paint & Sip,Entertainment
Art Museums,Entertainment
Self Storage,RealEstate
Party & Event Planning,BusinessSupport
Mediterranean,Food
Climbing,Sport
Contractors,Miscellaneous
Archery,Sport
Truck Rental,Automotive
Nudist,Miscellaneous
Do-It-Yourself Food,Food
Nightlife,Entertainment
Bungee Jumping,Food
Art Supplies,Entertainment
Fishing,Sport
Urgent Care,Health
Condominiums,RealEstate
Water Purification Services,BusinessSupport
Animal Physical Therapy,PersonalCare
Trainers,PersonalCare
DUI Law,Legal
Ear Nose & Throat,Health
Rehabilitation Center,Health
Carpet Cleaning,Home
Laundromat,BusinessSupport
Bike tours,Travel
Vehicle Shipping,Merchant
Insulation Installation,BusinessSupport
Interior Design,BusinessSupport
Packing Services,BusinessSupport
Oxygen Bars,Food
Tax Law,Legal
Accountants,Miscellaneous
Game Meat,Food
Nephrologists,Health
Pet Breeders,PersonalCare
Gyms,Sport
Tickets,Travel
Drama Schools,Education
Personal Injury Law,Legal
Empanadas,Food
Real Estate Law,Legal
Boat Parts & Supplies,BusinessSupport
Surgeons,Health
Jails & Prisons,RealEstate
Laboratory Testing,Health
Day Camps,Entertainment
Leather Goods,Merchant
Bus Tours,Travel
Airsoft,Merchant
Recycling Center,RealEstate
Horse Equipment Shops,Merchant
Golf Cart Dealers,Miscellaneous
Team Building Activities,BusinessSupport
Dive Bars,Food
Shipping Centers,RealEstate
Gastroenterologist,Health
Massage Therapy,Health
Bail Bondsmen,Legal
Environmental Abatement,Construction
Dive Shops,Merchant
Car Wash,BusinessSupport
Airport Shuttles,Construction
Caricatures,Entertainment
Water Stores,Merchant
Test Preparation,Health
Pest Control,BusinessSupport
Seafood,Food
Optometrists,Miscellaneous
Interlock Systems,Construction
Wine Tours,Travel
Foundation Repair,Automotive
Machine Shops,Merchant
Synagogues,RealEstate
Trailer Dealers,Miscellaneous
Cabinetry,Home
Paint-Your-Own Pottery,Entertainment
Middle Schools & High Schools,Education
Transportation,Travel
Ski Schools,Education
Stucco Services,BusinessSupport
Travel Agents,Travel
Home Energy Auditors,Miscellaneous
Elevator Services,BusinessSupport
Ski Resorts,RealEstate
Bulgarian,Food
Financial Services,BusinessSupport
Airlines,Travel
Musical Instrument Services,BusinessSupport
Pet Cremation Services,PersonalCare
Web Design,BusinessSupport
Carpeting,Home
Bus Rental,Automotive
Social Security Law,Legal
Personal Assistants,Miscellaneous
Pediatric Dentists,Health
Pet Waste Removal,PersonalCare
Cideries,Construction
Propane,Automotive
Hotels,Travel
Cigar Bars,Food
Taiwanese,Food
Tiki Bars,Food
Canadian (New),Food
Restaurants,Food
Campgrounds,Entertainment
Elder Law,Legal
Speakeasies,Food
Personal Shopping,Merchant
Vacation Rentals,Automotive
Consumer Law,Legal
Psychiatrists,Health
Metal Fabricators,Construction
Bed & Breakfast,Food
Ramen,Food
Neurologist,Health
Debt Relief Services,Legal
Grill Services,Food
Beer Bar,Food
DJs,Entertainment
Preschools,Education
Vegetarian,Food
Chicken Wings,Food
Golf Lessons,Education
Vehicle Wraps,Construction
Shoe Shine,Merchant
Lakes,Entertainment
Used Bookstore,Merchant
Museums,Travel
Pedicabs,Automotive
Ethnic Grocery,Food
Traditional Chinese Medicine,Health
Amusement Parks,Entertainment
Trampoline Parks,Entertainment
Sports Clubs,Entertainment
Bike Sharing,Travel
Dietitians,Health
Coffeeshops,Merchant
Walk-in Clinics,Health
Employment Agencies,BusinessSupport
Party Equipment Rentals,Automotive
Teacher Supplies,Education
Kitchen Supplies,BusinessSupport
Kitchen & Bath,BusinessSupport
Emergency Pet Hospital,Health
Health Insurance Offices,RealEstate
Rodeo,Entertainment
Art Classes,Education
Ziplining,Sport
Paddleboarding,Sport
Pet Services,PersonalCare
Thrift Stores,Merchant
Cheese Tasting Classes,Food
Patent Law,Legal
Meditation Centers,RealEstate
Dinner Theater,Entertainment
Shoe Stores,Merchant
Glass & Mirrors,Home
Whiskey Bars,Food
Themed Cafes,Food
Self-defense Classes,Entertainment
House Sitters,Miscellaneous
Software Development,Computers
Fencing Clubs,Entertainment
Spanish,Food
Nursing Schools,Education
Outdoor Movies,Entertainment
Pet Transportation,PersonalCare
Clothing Rental,BusinessSupport
Furniture Rental,BusinessSupport
Cosmetics & Beauty Supply,BusinessSupport
Art Schools,Education
Eyelash Service,PersonalCare
Food Delivery Services,BusinessSupport
Process Servers,BusinessSupport
Retirement Homes,RealEstate
Diagnostic Services,Health
Smokehouse,RealEstate
Neuropathologists,Health
Shaved Snow,Entertainment
Alternative Medicine,Health
Auction Houses,RealEstate
Bike Repair/Maintenance,Automotive
Awnings,Entertainment
Pet Training,Education
Shoe Repair,PersonalCare
Shared Office Spaces,RealEstate
Parking,RealEstate
Trinidadian,Food
Public Art,Entertainment
Hazardous Waste Disposal,BusinessSupport
Decks & Railing,Construction
Eatertainment,Entertainment
Towing,Automotive
Reptile Shops,Merchant
Shanghainese,Food
Pretzels,Food
Farms,RealEstate
TV Mounting,Entertainment
Hindu Temples,RealEstate
Aircraft Repairs,Automotive
Hakka,Sport
Water Heater Installation/Repair,Automotive
Astrologers,Miscellaneous
Slovakian,Food
Brasseries,Food
Drugstores,Merchant
Auto Security,Automotive
Cantonese,Food
Circuit Training Gyms,Sport
Video Game Stores,Merchant
Historical Tours,Travel
Leisure Centers,RealEstate
First Aid Classes,Education
Bingo Halls,Miscellaneous
Distilleries,Merchant
Cycling Classes,Education
Car Auctions,Automotive
Print Media,Entertainment
Hospice,Health
Boudoir Photography,BusinessSupport
Mobile Clinics,Health
Beach Volleyball,Sport
Outdoor Gear,Entertainment
Island Pub,Food
Armenian,Food
Glass Blowing,Manufacturing
Matchmakers,Miscellaneous
Candy Stores,Merchant
Shaved Ice,Food
Burgers,Food
Estate Planning Law,Legal
Experiences,Education
Mosques,RealEstate
Auto Insurance,Automotive
Mobile Home Parks,RealEstate
Calligraphy,Entertainment
Health Markets,Health
Animal Shelters,Miscellaneous
Aquarium Services,BusinessSupport
Muay Thai,Food
Senegalese,Food
Obstetricians & Gynecologists,Health
Laotian,Food
Beer Gardens,Food
Irish,Food
Tex-Mex,Food
Walking Tours,Travel
Social Clubs,Entertainment
Car Stereo Installation,BusinessSupport
Yelp Events,Entertainment
Party Bike Rentals,Travel
Paragliding,Sport
Botanical Gardens,RealEstate
Hockey Equipment,Sport
Float Spa,PersonalCare
British,Food
Pet Hospice,RealEstate
Dance Studios,Entertainment
Childrens Museums,Entertainment
Bicycles,Automotive
Musical Instruments & Teachers,Education
Haunted Houses,RealEstate
Swimming Pools,RealEstate
Music & DVDs,Entertainment
Auto Parts & Supplies,BusinessSupport
Creperies,Food
Reflexology,Health
Blow Dry/Out Services,BusinessSupport
Car Buyers,Merchant
Garage Door Services,BusinessSupport
Wholesale Stores,Manufacturing
Noodles,Food
Kebab,Food
Indonesian,Food
IV Hydration,Health
Pathologists,Health
Service Stations,BusinessSupport
Face Painting,Entertainment
Health Retreats,Health
Chicken Shop,Food
Roof Inspectors,Miscellaneous
Firewood,Home
Childproofing,Education
Dance Wear,Merchant
Polynesian,Food
Elementary Schools,Education
Smog Check Stations,RealEstate
Middle Eastern,Food
Plumbing,Construction
RV Dealers,Miscellaneous
Home & Rental Insurance,Legal
Jazz & Blues,Entertainment
Military Surplus,Entertainment
Insurance,Legal
Tacos,Food
Pet Insurance,Legal
Private Tutors,Miscellaneous
Dog Walkers,Miscellaneous
Souvenir Shops,Merchant
Soccer,Sport
Lactation Services,BusinessSupport
Wildlife Hunting Ranges,Sport
Festivals,Entertainment
Internal Medicine,Health
Electricity Suppliers,BusinessSupport
Libraries,Education
Waldorf Schools,Education
Television Service Providers,Miscellaneous
Cultural Center,RealEstate
Cosmetic Dentists,PersonalCare
Orthodontists,PersonalCare
Medical Cannabis Referrals,Health
DIY Auto Shop,Automotive
Guest Houses,Travel
Calabrian,Food
Cardiologists,Health
Afghan,Food
Malaysian,Food
Livestock Feed & Supply,BusinessSupport
Dumpster Rental,Home
Soup,Food
Wills,Health
Demolition Services,Construction
Airports,RealEstate
Furniture Reupholstery,Merchant
Wheel & Rim Repair,Automotive
Golf Equiment Shops,Merchant
Sicilian,Food
Southern,Food
Boat Tours,Travel
Tui Na,PersonalCare
Diving,Sport
Police Departments,Miscellaneous
Austrian,Food
Digitizing Services,BusinessSupport
Filipino,Food
Door Sales/Installation,Construction
Outdoor Power Equipment Services,Construction
Radio Stations,Entertainment
Landscape Architects,Construction
Banks & Credit Unions,Legal
Photo Booth Rentals,Manufacturing
Tabletop Games,Merchant
Fitness/Exercise Equipment,Merchant
Poutineries,Food
Florists,Merchant
Valet Services,Miscellaneous
Sports Wear,Merchant
Teeth Whitening,Health
Solar Panel Cleaning,Construction
Scooter Rentals,Travel
Hypnosis/Hypnotherapy,Health
Baseball Fields,Sport
Art Galleries,Entertainment
Entertainment Law,Legal
Luggage,Merchant
Ice Cream & Frozen Yogurt,Food
Fruits & Veggies,Food
Spray Tanning,Home
Community Gardens,Home
Jet Skis,Travel
Windows Installation,Construction
Paintball,Sport
Airport Terminals,Travel
Doctors,Health
Contract Law,Legal
Acupuncture,PersonalCare
Laundry Services,PersonalCare
Mini Golf,Sport
Solar Installation,Construction
Venues & Event Spaces,BusinessSupport
Food Court,Food
Brewing Supplies,Merchant
Basketball Courts,Sport
Drive-Thru Bars,Food
Medical Supplies,Health
Excavation Services,Construction
Graphic Design,BusinessSupport
Beer,Food
Hepatologists,Health
Acne Treatment,Health
Animal Assisted Therapy,PersonalCare
Tennis,Sport
Rheumatologists,Health
Chinese Martial Arts,Sport
Landmarks & Historical Buildings,Entertainment
Hydroponics,Manufacturing
Accessories,Merchant
Party Bus Rentals,Automotive
Badminton,Sport
Tai Chi,Sport
Screen Printing,BusinessSupport
Stadiums & Arenas,Sport
Peruvian,Food
Taekwondo,Sport
Appliances,BusinessSupport
Car Inspectors,Automotive
Hydrotherapy,Health
Nurseries & Gardening,Home
Day Spas,PersonalCare
Batting Cages,Merchant
Gas Stations,Automotive
Transmission Repair,Automotive
Tasting Classes,Education
Halal,Food
Chocolatiers & Shops,Food
Motorsport Vehicle Dealers,Automotive
Audio/Visual Equipment Rental,Computers
"Childrens Clothing""",Merchant
Psychic Mediums,PersonalCare
Oaxacan,Food
Pickleball,Sport
Taxis,Travel
Mobile Home Dealers,RealEstate
Nutritionists,PersonalCare
Vacation Rental Agents,Travel
Horse Racing,Entertainment
Assisted Living Facilities,PersonalCare
Scandinavian,Food
Playsets,Home
Costumes,Merchant
General Dentistry,Health
Nurse Practitioner,Health
Scavenger Hunts,Entertainment
Hong Kong Style Cafe,Food
Sunglasses,Merchant
Dominican,Food
Petting Zoos,PersonalCare
Luggage Storage,Merchant
Bike Parking,Automotive
Shopping Centers,Merchant
Counseling & Mental Health,Health
Mobile Dent Repair,Health
Artificial Turf,Home
African,Food
Fitness & Instruction,Sport
Falafel,Food
American (Traditional),Food
Emergency Rooms,BusinessSupport
Wildlife Control,Miscellaneous
Swimwear,Merchant
Snow Removal,Construction
Mobile Phones,Computers
Mobile Home Repair,Computers
Poke,Food
Greek,Food
Martial Arts,Sport
Womens Clothing,Merchant
Skilled Nursing,PersonalCare
International Grocery,Food
EV Charging Stations,Automotive
Hair Extensions,PersonalCare
Strip Clubs,PersonalCare
Bagels,Food
Medical Centers,Health
Home Cleaning,Home
Ukrainian,Food
Hair Stylists,PersonalCare
Sandblasting,Construction
Saunas,PersonalCare
Public Markets,Merchant
Wine & Spirits,Food
Nanny Services,PersonalCare
Family Practice,Legal
Property Management,RealEstate
Performing Arts,Entertainment
Habilitative Services,Health
Photographers,BusinessSupport
Adoption Services,Miscellaneous
Guitar Stores,Merchant
Duty-Free Shops,Merchant
Venezuelan,Food
Business Consulting,BusinessSupport
Sushi Bars,BusinessSupport
Stonemasons,Construction
Embassy,Miscellaneous
Flowers,Merchant
Lounges,Merchant
Watches,Merchant
Tattoo,Merchant
Commercial Real Estate,RealEstate
Real Estate Services,RealEstate
Geneticists,Health
Foot Care,Health
Ethiopian,Food
Orthotics,Health
Fondue,Food
Hotels & Travel,Travel
Specialty Schools,Education
Scuba Diving,Sport
Country Clubs,Food
Hostels,Travel
Delicatessen,Entertainment
Recording & Rehearsal Studios,Entertainment
College Counseling,Education
Kids Activities,Education
Mediators,Legal
Mongolian,Food
Fire Protection Services,Miscellaneous
Language Schools,Education
Backflow Services,Construction
Billing Services,Legal
Tempura,Food
Holiday Decorations,Merchant
General Litigation,Legal
Polish,Food
Event Planning & Services,BusinessSupport
Osteopathic Physicians,Health
Phlebologists,Health
Orthopedists,Health
Vegan,Food
Homeopathic,Health
Disc Golf,Sport
Bartenders,Food
Prosthetics,Health
Farm Equipment Repair,Merchant
Officiants,Legal
Business Law,Legal
Well Drilling,Construction
Tobacco Shops,Merchant
Head Shops,Merchant
Zoos,Entertainment
Sri Lankan,Food
Playgrounds,Entertainment
RV Rental,Automotive
Donuts,Food
Supernatural Readings,Merchant
Educational Services,Education
Mountain Biking,Entertainment
Piano Stores,Merchant
Dry Cleaning,PersonalCare
Chiropractors,PersonalCare
Motorsport Vehicle Repairs,Automotive
Life Coach,PersonalCare
Hair Removal,PersonalCare
Piano Services,Education
Magicians,Entertainment
Bookstores,Merchant
Motorcycle Dealers,Automotive
Immunodermatologists,Health
Shredding Services,BusinessSupport
Pool & Hot Tub Service,Construction
Tableware,Home
Tiling,Construction
Internet Cafes,Food
ATV Rentals/Tours,Travel
Cambodian,Food
Midwives,Health
Health Coach,PersonalCare
Virtual Reality Centers,Computers
Couriers & Delivery Services,BusinessSupport
Candle Stores,Merchant
Pool Halls,Sport
Doulas,PersonalCare
Arcades,Entertainment
Placenta Encapsulations,Health
German,Food
Blood & Plasma Donation Centers,Health
Motorcycle Repair,Automotive
Summer Camps,Entertainment
Structural Engineers,Construction
Cuban,Food
Duplication Services,BusinessSupport
Racing Experience,Automotive
Toxicologists,Health
Cards & Stationery,Computers
Sports Medicine,Health
Drones,Computers
Unofficial Yelp Events,BusinessSupport
Fur Clothing,Merchant
Bartending Schools,Education
Tubing,Travel
Sauna Installation & Repair,Construction
Skate Shops,Merchant
Court Reporters,Legal
Pressure Washers,Automotive
Sikh Temples,Travel
Burmese,PersonalCare
Bowling,Sport
Mobility Equipment Sales & Services,Travel
Christmas Markets,Merchant
Hainan,Food
Skydiving,Entertainment
Lighting Stores,Merchant
Painters,Construction
Taxidermy,Entertainment
Hardware Stores,Computers
Scottish,Food
Disability Law,Legal
Cardio Classes,Sport
Motorcycle Gear,Automotive
Czech,Food
Country Dance Halls,Sport
Mortgage Lenders,Legal
Product Design,BusinessSupport
Kiosk,Merchant
Aestheticians,PersonalCare
Sailing,Sport
Gastropubs,Food
Hawaiian,Food
Auto Customization,Automotive
Oil Change Stations,Automotive
Airport Lounges,Travel
Fast Food,Food
Telecommunications,Computers
Otologists,Health
Cannabis Clinics,Health
Home & Garden,Home
Medical Foot Care,Health
Boxing,Sport
Laser Hair Removal,PersonalCare
Silent Disco,Entertainment
Cheese Shops,Food
Town Car Service,Travel
Mobile Phone Accessories,Computers
Community Centers,Miscellaneous
Ice Delivery,Miscellaneous
Barbeque,Food
Auto Upholstery,Automotive
Minho,Food
Data Recovery,BusinessSupport
Check Cashing/Pay-day Loans,Legal
Karate,Sport
Tax Services,Legal
Custom Cakes,Food
Audiologist,Health
Wine Bars,Food
Mortgage Brokers,Legal
Limos,Travel
Homeless Shelters,Miscellaneous
Drive-In Theater,Entertainment
Bike Rentals,Travel
Pumpkin Patches,Merchant
Wallpapering,Construction
Land Surveying,Construction
Pop-up Shops,Merchant
Hair Loss Centers,PersonalCare
Cooking Classes,Education
Career Counseling,Education
Watch Repair,Merchant
Currency Exchange,Legal
Wedding Chapels,Miscellaneous
Hats,Merchant
Real Estate Agents,RealEstate
Books,Merchant
Coffee Roasteries,Food
Hearing Aids,Health
Fashion,Merchant
Water Delivery,Miscellaneous
Home Developers,RealEstate
Public Adjusters,Legal
Vascular Medicine,Health
Puerto Rican,Food
Churches,Miscellaneous
Discount Store,Merchant
Bistros,Food
Septic Services,Construction
Screen Printing/T-Shirt Printing,BusinessSupport
Battery Stores,Computers
Flyboarding,Sport
Escape Games,Entertainment
Irrigation,Construction
Piercing,PersonalCare
Mobile Phone Repair,Construction
Reiki,PersonalCare
Car Window Tinting,Automotive
Gluten-Free,Food
Plastic Surgeons,Health
Cooking Schools,Education
Rolfing,PersonalCare
Editorial Services,BusinessSupport
Religious Organizations,Miscellaneous
Waffles,Food
Dance Schools,Education
Tapas/Small Plates,Food
Portuguese,Food
Veterans Organizations,Miscellaneous
Auto Electric Services,Automotive
Installment Loans,Legal
Physical Therapy,PersonalCare
Pizza,Food
Italian,Food
Honduran,Food
Vitamins & Supplements,Health
Medical Law,Legal
Fingerprinting,Miscellaneous
Brewpubs,Food
Bus Stations,Travel
Paint Stores,Merchant
Breweries,Food
Karaoke,Entertainment
Coffee & Tea,Food
Uzbek,Food
Nail Salons,PersonalCare
Thai,Food
Tenant and Eviction Law,Legal
Convenience Stores,Merchant
Amateur Sports Teams,Sport
Commercial Truck Dealers,Automotive
Storefront Clinics,Health
Clowns,Entertainment
Concierge Medicine,Health
Pubs,Food
Beer Tours,Food
Pharmacy,Health
Addiction Medicine,Health
Boat Charters,Travel
RV Parks,Travel
Trivia Hosts,Entertainment
Rafting/Kayaking,Sport
Home Health Care,Health
IT Services & Computer Repair,Computers
Tea Rooms,Food
Mexican,Food
Undersea/Hyperbaric Medicine,Health
Attraction Farms,Entertainment
Beer Hall,Food
Knife Sharpening,Merchant
Shades & Blinds,Merchant
Firearm Training,Education
Pakistani,Food
Divorce & Family Law,Legal
Haitian,Food
Cafes,Food
Sandwiches,Food
Delis,Food
Bankruptcy Law,Legal
Auto Loan Providers,Legal
Home Window Tinting,Construction
Safety Equipment,Merchant
Personal Care Services,PersonalCare
Comedy Clubs,Entertainment
Colonics,Health
Portable Toilet Services,Construction
Opera & Ballet,Entertainment
Gold Buyers,Legal
Pool & Billiards,Entertainment
Crane Services,Construction
Computers,Computers
Photography Classes,Education
Workers Compensation Law,Legal
Building Supplies,BusinessSupport
Party Characters,Entertainment
Shutters,Construction
Wine Tasting Classes,Education
Swiss Food,Food
Trailer Repair,Automotive
Local Fish Stores,Food
Sex Therapists,PersonalCare
Qi Gong,PersonalCare
Crisis Pregnancy Centers,Health
Bikes,Travel
Car Brokers,Automotive
Antiques,Home
Sleep Specialists,PersonalCare
Appliances & Repair,Home
Pancakes,Food
Steakhouses,Food
Payroll Services,Legal
Estheticians,PersonalCare
Car Share Services,Travel
Soba,Food
Aircraft Dealers,Travel
Bespoke Clothing,Merchant
Proctologists,Health
Cajun/Creole,Food
Eastern European,Food
Arabian,Food
Refinishing Services,Home
General Festivals,Miscellaneous
Bars,Food
Dim Sum,Food
Podiatrists,Health
Golf,Sport
Buddhist Temples,Miscellaneous
Adult,PersonalCare
